loss,discrimination_dp,discrimination_y_0,discrimination_y_1,discrimination_eod,accuracy,pred1
0.1652192920446396,0.065,0.0006946361400313947,0.0027585844382828073,0.001726610289157101,0.9878,0.555
